True Label,0,1,2
0,100.0,0.0,0.0
1,0.0,100.0,0.0
2,0.0,9.090909090909092,90.9090909090909
