True Label,0,1,2
0,75.0,0.0,25.0
1,0.0,100.0,0.0
2,0.0,13.636363636363635,86.36363636363636
